{
    "exportFormatVersion": 2,
    "exportTime": "2025-06-12 17:10:51",
    "containerVersion": {
        "path": "accounts/6299326731/containers/222370224/versions/0",
        "accountId": "6299326731",
        "containerId": "222370224",
        "containerVersionId": "0",
        "container": {
            "path": "accounts/6299326731/containers/222370224",
            "accountId": "6299326731",
            "containerId": "222370224",
            "name": "localhost 3000",
            "publicId": "GTM-WPT4B93F",
            "usageContext": [
                "WEB"
            ],
            "fingerprint": "1749740065155",
            "tagManagerUrl": "https://tagmanager.google.com/#/container/accounts/6299326731/containers/222370224/workspaces?apiLink=container",
            "features": {
                "supportUserPermissions": true,
                "supportEnvironments": true,
                "supportWorkspaces": true,
                "supportGtagConfigs": false,
                "supportBuiltInVariables": true,
                "supportClients": false,
                "supportFolders": true,
                "supportTags": true,
                "supportTemplates": true,
                "supportTriggers": true,
                "supportVariables": true,
                "supportVersions": true,
                "supportZones": true,
                "supportTransformations": false
            },
            "tagIds": [
                "GTM-WPT4B93F"
            ]
        },
        "tag": [
            {
                "accountId": "6299326731",
                "containerId": "222370224",
                "tagId": "3",
                "name": "G-096NHNN8Q2",
                "type": "googtag",
                "parameter": [
                    {
                        "type": "TEMPLATE",
                        "key": "tagId",
                        "value": "G-096NHNN8Q2"
                    }
                ],
                "fingerprint": "1749740457804",
                "firingTriggerId": [
                    "2147479573"
                ],
                "tagFiringOption": "ONCE_PER_EVENT",
                "monitoringMetadata": {
                    "type": "MAP"
                },
                "consentSettings": {
                    "consentStatus": "NOT_SET"
                }
            },
            {
                "accountId": "6299326731",
                "containerId": "222370224",
                "tagId": "6",
                "name": "GA4 Evento de Click Contato",
                "type": "gaawe",
                "parameter": [
                    {
                        "type": "BOOLEAN",
                        "key": "sendEcommerceData",
                        "value": "false"
                    },
                    {
                        "type": "LIST",
                        "key": "eventSettingsTable",
                        "list": [
                            {
                                "type": "MAP",
                                "map": [
                                    {
                                        "type": "TEMPLATE",
                                        "key": "parameter",
                                        "value": "page_location"
                                    },
                                    {
                                        "type": "TEMPLATE",
                                        "key": "parameterValue",
                                        "value": "/contato"
                                    }
                                ]
                            },
                            {
                                "type": "MAP",
                                "map": [
                                    {
                                        "type": "TEMPLATE",
                                        "key": "parameter",
                                        "value": "element_name"
                                    },
                                    {
                                        "type": "TEMPLATE",
                                        "key": "parameterValue",
                                        "value": "entre_em_contato"
                                    }
                                ]
                            },
                            {
                                "type": "MAP",
                                "map": [
                                    {
                                        "type": "TEMPLATE",
                                        "key": "parameter",
                                        "value": "element_group"
                                    },
                                    {
                                        "type": "TEMPLATE",
                                        "key": "parameterValue",
                                        "value": "menu"
                                    }
                                ]
                            }
                        ]
                    },
                    {
                        "type": "TEMPLATE",
                        "key": "eventName",
                        "value": "click"
                    },
                    {
                        "type": "TEMPLATE",
                        "key": "measurementIdOverride",
                        "value": "G-096NHNN8Q2"
                    }
                ],
                "fingerprint": "1749740870839",
                "firingTriggerId": [
                    "5"
                ],
                "tagFiringOption": "ONCE_PER_EVENT",
                "monitoringMetadata": {
                    "type": "MAP"
                },
                "consentSettings": {
                    "consentStatus": "NOT_SET"
                }
            },
            {
                "accountId": "6299326731",
                "containerId": "222370224",
                "tagId": "8",
                "name": "GA4 Evento de Click Download",
                "type": "gaawe",
                "parameter": [
                    {
                        "type": "BOOLEAN",
                        "key": "sendEcommerceData",
                        "value": "false"
                    },
                    {
                        "type": "LIST",
                        "key": "eventSettingsTable",
                        "list": [
                            {
                                "type": "MAP",
                                "map": [
                                    {
                                        "type": "TEMPLATE",
                                        "key": "parameter",
                                        "value": "page_location"
                                    },
                                    {
                                        "type": "TEMPLATE",
                                        "key": "parameterValue",
                                        "value": "autos_revista_vfinal.pdf"
                                    }
                                ]
                            },
                            {
                                "type": "MAP",
                                "map": [
                                    {
                                        "type": "TEMPLATE",
                                        "key": "parameter",
                                        "value": "element_name"
                                    },
                                    {
                                        "type": "TEMPLATE",
                                        "key": "parameterValue",
                                        "value": "download_pdf"
                                    }
                                ]
                            },
                            {
                                "type": "MAP",
                                "map": [
                                    {
                                        "type": "TEMPLATE",
                                        "key": "parameter",
                                        "value": "element_group"
                                    },
                                    {
                                        "type": "TEMPLATE",
                                        "key": "parameterValue",
                                        "value": "menu"
                                    }
                                ]
                            }
                        ]
                    },
                    {
                        "type": "TEMPLATE",
                        "key": "eventName",
                        "value": "file_download"
                    },
                    {
                        "type": "TEMPLATE",
                        "key": "measurementIdOverride",
                        "value": "G-096NHNN8Q2"
                    }
                ],
                "fingerprint": "1749741401542",
                "firingTriggerId": [
                    "7"
                ],
                "tagFiringOption": "ONCE_PER_EVENT",
                "monitoringMetadata": {
                    "type": "MAP"
                },
                "consentSettings": {
                    "consentStatus": "NOT_SET"
                }
            },
            {
                "accountId": "6299326731",
                "containerId": "222370224",
                "tagId": "10",
                "name": "GA4 Evento Ver Mais Lorem",
                "type": "gaawe",
                "parameter": [
                    {
                        "type": "BOOLEAN",
                        "key": "sendEcommerceData",
                        "value": "false"
                    },
                    {
                        "type": "LIST",
                        "key": "eventSettingsTable",
                        "list": [
                            {
                                "type": "MAP",
                                "map": [
                                    {
                                        "type": "TEMPLATE",
                                        "key": "parameter",
                                        "value": "page_location"
                                    },
                                    {
                                        "type": "TEMPLATE",
                                        "key": "parameterValue",
                                        "value": "/analise"
                                    }
                                ]
                            },
                            {
                                "type": "MAP",
                                "map": [
                                    {
                                        "type": "TEMPLATE",
                                        "key": "parameter",
                                        "value": "element_name"
                                    },
                                    {
                                        "type": "TEMPLATE",
                                        "key": "parameterValue",
                                        "value": "lorem"
                                    }
                                ]
                            },
                            {
                                "type": "MAP",
                                "map": [
                                    {
                                        "type": "TEMPLATE",
                                        "key": "parameter",
                                        "value": "element_group"
                                    },
                                    {
                                        "type": "TEMPLATE",
                                        "key": "parameterValue",
                                        "value": "ver_mais"
                                    }
                                ]
                            }
                        ]
                    },
                    {
                        "type": "TEMPLATE",
                        "key": "eventName",
                        "value": "click"
                    },
                    {
                        "type": "TEMPLATE",
                        "key": "measurementIdOverride",
                        "value": "G-096NHNN8Q2"
                    }
                ],
                "fingerprint": "1749743275560",
                "firingTriggerId": [
                    "12"
                ],
                "tagFiringOption": "ONCE_PER_EVENT",
                "monitoringMetadata": {
                    "type": "MAP"
                },
                "consentSettings": {
                    "consentStatus": "NOT_SET"
                }
            },
            {
                "accountId": "6299326731",
                "containerId": "222370224",
                "tagId": "11",
                "name": "HTML PUSH DataId",
                "type": "html",
                "parameter": [
                    {
                        "type": "TEMPLATE",
                        "key": "html",
                        "value": "<script>\n  document.addEventListener('click', function(e) {\n  var objetoClicado = e.target;\n  var seletor = '[data-id]';\n  if (objetoClicado.matches && (objetoClicado.matches(seletor) || objetoClicado.closest(seletor))) {\n    var dataId = objetoClicado.getAttribute('data-id') || objetoClicado.closest('[data-id]').getAttribute('data-id');\n    console.log(dataId);\n    dataLayer.push({\n      'event': dataId\n    });\n  }\n});\n</script>  "
                    },
                    {
                        "type": "BOOLEAN",
                        "key": "supportDocumentWrite",
                        "value": "false"
                    }
                ],
                "fingerprint": "1749743142739",
                "firingTriggerId": [
                    "2147479553"
                ],
                "tagFiringOption": "ONCE_PER_EVENT",
                "monitoringMetadata": {
                    "type": "MAP"
                },
                "consentSettings": {
                    "consentStatus": "NOT_SET"
                }
            },
            {
                "accountId": "6299326731",
                "containerId": "222370224",
                "tagId": "14",
                "name": "GA4 Evento Ver Mais Ipsum",
                "type": "gaawe",
                "parameter": [
                    {
                        "type": "BOOLEAN",
                        "key": "sendEcommerceData",
                        "value": "false"
                    },
                    {
                        "type": "LIST",
                        "key": "eventSettingsTable",
                        "list": [
                            {
                                "type": "MAP",
                                "map": [
                                    {
                                        "type": "TEMPLATE",
                                        "key": "parameter",
                                        "value": "page_location"
                                    },
                                    {
                                        "type": "TEMPLATE",
                                        "key": "parameterValue",
                                        "value": "/analise"
                                    }
                                ]
                            },
                            {
                                "type": "MAP",
                                "map": [
                                    {
                                        "type": "TEMPLATE",
                                        "key": "parameter",
                                        "value": "element_name"
                                    },
                                    {
                                        "type": "TEMPLATE",
                                        "key": "parameterValue",
                                        "value": "ipsum"
                                    }
                                ]
                            },
                            {
                                "type": "MAP",
                                "map": [
                                    {
                                        "type": "TEMPLATE",
                                        "key": "parameter",
                                        "value": "element_group"
                                    },
                                    {
                                        "type": "TEMPLATE",
                                        "key": "parameterValue",
                                        "value": "ver_mais"
                                    }
                                ]
                            }
                        ]
                    },
                    {
                        "type": "TEMPLATE",
                        "key": "eventName",
                        "value": "click"
                    },
                    {
                        "type": "TEMPLATE",
                        "key": "measurementIdOverride",
                        "value": "G-096NHNN8Q2"
                    }
                ],
                "fingerprint": "1749743252121",
                "firingTriggerId": [
                    "13"
                ],
                "tagFiringOption": "ONCE_PER_EVENT",
                "monitoringMetadata": {
                    "type": "MAP"
                },
                "consentSettings": {
                    "consentStatus": "NOT_SET"
                }
            },
            {
                "accountId": "6299326731",
                "containerId": "222370224",
                "tagId": "16",
                "name": "GA4 Evento Ver Mais Dolor",
                "type": "gaawe",
                "parameter": [
                    {
                        "type": "BOOLEAN",
                        "key": "sendEcommerceData",
                        "value": "false"
                    },
                    {
                        "type": "LIST",
                        "key": "eventSettingsTable",
                        "list": [
                            {
                                "type": "MAP",
                                "map": [
                                    {
                                        "type": "TEMPLATE",
                                        "key": "parameter",
                                        "value": "page_location"
                                    },
                                    {
                                        "type": "TEMPLATE",
                                        "key": "parameterValue",
                                        "value": "/analise"
                                    }
                                ]
                            },
                            {
                                "type": "MAP",
                                "map": [
                                    {
                                        "type": "TEMPLATE",
                                        "key": "parameter",
                                        "value": "element_name"
                                    },
                                    {
                                        "type": "TEMPLATE",
                                        "key": "parameterValue",
                                        "value": "dolor"
                                    }
                                ]
                            },
                            {
                                "type": "MAP",
                                "map": [
                                    {
                                        "type": "TEMPLATE",
                                        "key": "parameter",
                                        "value": "element_group"
                                    },
                                    {
                                        "type": "TEMPLATE",
                                        "key": "parameterValue",
                                        "value": "ver_mais"
                                    }
                                ]
                            }
                        ]
                    },
                    {
                        "type": "TEMPLATE",
                        "key": "eventName",
                        "value": "click"
                    },
                    {
                        "type": "TEMPLATE",
                        "key": "measurementIdOverride",
                        "value": "G-096NHNN8Q2"
                    }
                ],
                "fingerprint": "1749743330376",
                "firingTriggerId": [
                    "15"
                ],
                "tagFiringOption": "ONCE_PER_EVENT",
                "monitoringMetadata": {
                    "type": "MAP"
                },
                "consentSettings": {
                    "consentStatus": "NOT_SET"
                }
            },
            {
                "accountId": "6299326731",
                "containerId": "222370224",
                "tagId": "18",
                "name": "Form Start Nome",
                "type": "gaawe",
                "parameter": [
                    {
                        "type": "BOOLEAN",
                        "key": "sendEcommerceData",
                        "value": "false"
                    },
                    {
                        "type": "LIST",
                        "key": "eventSettingsTable",
                        "list": [
                            {
                                "type": "MAP",
                                "map": [
                                    {
                                        "type": "TEMPLATE",
                                        "key": "parameter",
                                        "value": "page_location"
                                    },
                                    {
                                        "type": "TEMPLATE",
                                        "key": "parameterValue",
                                        "value": "/sobre#contato"
                                    }
                                ]
                            },
                            {
                                "type": "MAP",
                                "map": [
                                    {
                                        "type": "TEMPLATE",
                                        "key": "parameter",
                                        "value": "form_id"
                                    },
                                    {
                                        "type": "TEMPLATE",
                                        "key": "parameterValue",
                                        "value": "nome"
                                    }
                                ]
                            },
                            {
                                "type": "MAP",
                                "map": [
                                    {
                                        "type": "TEMPLATE",
                                        "key": "parameter",
                                        "value": "form_name"
                                    },
                                    {
                                        "type": "TEMPLATE",
                                        "key": "parameterValue",
                                        "value": "contato"
                                    }
                                ]
                            },
                            {
                                "type": "MAP",
                                "map": [
                                    {
                                        "type": "TEMPLATE",
                                        "key": "parameter",
                                        "value": "form_destination"
                                    },
                                    {
                                        "type": "TEMPLATE",
                                        "key": "parameterValue",
                                        "value": "obrigado"
                                    }
                                ]
                            }
                        ]
                    },
                    {
                        "type": "TEMPLATE",
                        "key": "eventName",
                        "value": "form_start"
                    },
                    {
                        "type": "TEMPLATE",
                        "key": "measurementIdOverride",
                        "value": "G-096NHNN8Q2"
                    }
                ],
                "fingerprint": "1749744028512",
                "firingTriggerId": [
                    "17"
                ],
                "tagFiringOption": "ONCE_PER_EVENT",
                "monitoringMetadata": {
                    "type": "MAP"
                },
                "consentSettings": {
                    "consentStatus": "NOT_SET"
                }
            },
            {
                "accountId": "6299326731",
                "containerId": "222370224",
                "tagId": "22",
                "name": "Form Start Email",
                "type": "gaawe",
                "parameter": [
                    {
                        "type": "BOOLEAN",
                        "key": "sendEcommerceData",
                        "value": "false"
                    },
                    {
                        "type": "LIST",
                        "key": "eventSettingsTable",
                        "list": [
                            {
                                "type": "MAP",
                                "map": [
                                    {
                                        "type": "TEMPLATE",
                                        "key": "parameter",
                                        "value": "page_location"
                                    },
                                    {
                                        "type": "TEMPLATE",
                                        "key": "parameterValue",
                                        "value": "/sobre#contato"
                                    }
                                ]
                            },
                            {
                                "type": "MAP",
                                "map": [
                                    {
                                        "type": "TEMPLATE",
                                        "key": "parameter",
                                        "value": "form_id"
                                    },
                                    {
                                        "type": "TEMPLATE",
                                        "key": "parameterValue",
                                        "value": "email"
                                    }
                                ]
                            },
                            {
                                "type": "MAP",
                                "map": [
                                    {
                                        "type": "TEMPLATE",
                                        "key": "parameter",
                                        "value": "form_name"
                                    },
                                    {
                                        "type": "TEMPLATE",
                                        "key": "parameterValue",
                                        "value": "contato"
                                    }
                                ]
                            },
                            {
                                "type": "MAP",
                                "map": [
                                    {
                                        "type": "TEMPLATE",
                                        "key": "parameter",
                                        "value": "form_destination"
                                    },
                                    {
                                        "type": "TEMPLATE",
                                        "key": "parameterValue",
                                        "value": "obrigado"
                                    }
                                ]
                            }
                        ]
                    },
                    {
                        "type": "TEMPLATE",
                        "key": "eventName",
                        "value": "form_start"
                    },
                    {
                        "type": "TEMPLATE",
                        "key": "measurementIdOverride",
                        "value": "G-096NHNN8Q2"
                    }
                ],
                "fingerprint": "1749744274403",
                "firingTriggerId": [
                    "21"
                ],
                "tagFiringOption": "ONCE_PER_EVENT",
                "monitoringMetadata": {
                    "type": "MAP"
                },
                "consentSettings": {
                    "consentStatus": "NOT_SET"
                }
            },
            {
                "accountId": "6299326731",
                "containerId": "222370224",
                "tagId": "23",
                "name": "Form Start Aceito",
                "type": "gaawe",
                "parameter": [
                    {
                        "type": "BOOLEAN",
                        "key": "sendEcommerceData",
                        "value": "false"
                    },
                    {
                        "type": "LIST",
                        "key": "eventSettingsTable",
                        "list": [
                            {
                                "type": "MAP",
                                "map": [
                                    {
                                        "type": "TEMPLATE",
                                        "key": "parameter",
                                        "value": "page_location"
                                    },
                                    {
                                        "type": "TEMPLATE",
                                        "key": "parameterValue",
                                        "value": "/sobre#contato"
                                    }
                                ]
                            },
                            {
                                "type": "MAP",
                                "map": [
                                    {
                                        "type": "TEMPLATE",
                                        "key": "parameter",
                                        "value": "form_id"
                                    },
                                    {
                                        "type": "TEMPLATE",
                                        "key": "parameterValue",
                                        "value": "aceito"
                                    }
                                ]
                            },
                            {
                                "type": "MAP",
                                "map": [
                                    {
                                        "type": "TEMPLATE",
                                        "key": "parameter",
                                        "value": "form_name"
                                    },
                                    {
                                        "type": "TEMPLATE",
                                        "key": "parameterValue",
                                        "value": "contato"
                                    }
                                ]
                            },
                            {
                                "type": "MAP",
                                "map": [
                                    {
                                        "type": "TEMPLATE",
                                        "key": "parameter",
                                        "value": "form_destination"
                                    },
                                    {
                                        "type": "TEMPLATE",
                                        "key": "parameterValue",
                                        "value": "obrigado"
                                    }
                                ]
                            }
                        ]
                    },
                    {
                        "type": "TEMPLATE",
                        "key": "eventName",
                        "value": "form_start"
                    },
                    {
                        "type": "TEMPLATE",
                        "key": "measurementIdOverride",
                        "value": "G-096NHNN8Q2"
                    }
                ],
                "fingerprint": "1749744375350",
                "firingTriggerId": [
                    "19"
                ],
                "tagFiringOption": "ONCE_PER_EVENT",
                "monitoringMetadata": {
                    "type": "MAP"
                },
                "consentSettings": {
                    "consentStatus": "NOT_SET"
                }
            },
            {
                "accountId": "6299326731",
                "containerId": "222370224",
                "tagId": "25",
                "name": "Form Submit",
                "type": "gaawe",
                "parameter": [
                    {
                        "type": "BOOLEAN",
                        "key": "sendEcommerceData",
                        "value": "false"
                    },
                    {
                        "type": "LIST",
                        "key": "eventSettingsTable",
                        "list": [
                            {
                                "type": "MAP",
                                "map": [
                                    {
                                        "type": "TEMPLATE",
                                        "key": "parameter",
                                        "value": "page_location"
                                    },
                                    {
                                        "type": "TEMPLATE",
                                        "key": "parameterValue",
                                        "value": "/sobre#contato"
                                    }
                                ]
                            },
                            {
                                "type": "MAP",
                                "map": [
                                    {
                                        "type": "TEMPLATE",
                                        "key": "parameter",
                                        "value": "form_id"
                                    },
                                    {
                                        "type": "TEMPLATE",
                                        "key": "parameterValue",
                                        "value": "enviado"
                                    }
                                ]
                            },
                            {
                                "type": "MAP",
                                "map": [
                                    {
                                        "type": "TEMPLATE",
                                        "key": "parameter",
                                        "value": "form_name"
                                    },
                                    {
                                        "type": "TEMPLATE",
                                        "key": "parameterValue",
                                        "value": "contato"
                                    }
                                ]
                            },
                            {
                                "type": "MAP",
                                "map": [
                                    {
                                        "type": "TEMPLATE",
                                        "key": "parameter",
                                        "value": "form_destination"
                                    },
                                    {
                                        "type": "TEMPLATE",
                                        "key": "parameterValue",
                                        "value": "obrigado"
                                    }
                                ]
                            },
                            {
                                "type": "MAP",
                                "map": [
                                    {
                                        "type": "TEMPLATE",
                                        "key": "parameter",
                                        "value": "form_submit_text"
                                    },
                                    {
                                        "type": "TEMPLATE",
                                        "key": "parameterValue",
                                        "value": "ENVIAR"
                                    }
                                ]
                            }
                        ]
                    },
                    {
                        "type": "TEMPLATE",
                        "key": "eventName",
                        "value": "form_submit"
                    },
                    {
                        "type": "TEMPLATE",
                        "key": "measurementIdOverride",
                        "value": "G-096NHNN8Q2"
                    }
                ],
                "fingerprint": "1749744600264",
                "firingTriggerId": [
                    "24"
                ],
                "tagFiringOption": "ONCE_PER_EVENT",
                "monitoringMetadata": {
                    "type": "MAP"
                },
                "consentSettings": {
                    "consentStatus": "NOT_SET"
                }
            },
            {
                "accountId": "6299326731",
                "containerId": "222370224",
                "tagId": "27",
                "name": "HTML de Exibição da página de Sucesso",
                "type": "html",
                "parameter": [
                    {
                        "type": "TEMPLATE",
                        "key": "html",
                        "value": "<script>\n  var mensagem = 'Obrigado pelo seu contato!';\n(function wmpFormValidation() {\n    if (document.body && document.body.innerText.includes(mensagem)) {\n        console.log('Form enviado');\n        window.dataLayer.push({\n            'event': 'view_form_success'\n        });\n        return;\n    }\n    setTimeout(wmpFormValidation, 500);\n})();\n</script>"
                    },
                    {
                        "type": "BOOLEAN",
                        "key": "supportDocumentWrite",
                        "value": "false"
                    }
                ],
                "fingerprint": "1749745352603",
                "firingTriggerId": [
                    "2147479553"
                ],
                "tagFiringOption": "ONCE_PER_EVENT",
                "monitoringMetadata": {
                    "type": "MAP"
                },
                "consentSettings": {
                    "consentStatus": "NOT_SET"
                }
            },
            {
                "accountId": "6299326731",
                "containerId": "222370224",
                "tagId": "29",
                "name": "Form Sucess",
                "type": "gaawe",
                "parameter": [
                    {
                        "type": "BOOLEAN",
                        "key": "sendEcommerceData",
                        "value": "false"
                    },
                    {
                        "type": "LIST",
                        "key": "eventSettingsTable",
                        "list": [
                            {
                                "type": "MAP",
                                "map": [
                                    {
                                        "type": "TEMPLATE",
                                        "key": "parameter",
                                        "value": "page_location"
                                    },
                                    {
                                        "type": "TEMPLATE",
                                        "key": "parameterValue",
                                        "value": "/sobre#contato"
                                    }
                                ]
                            },
                            {
                                "type": "MAP",
                                "map": [
                                    {
                                        "type": "TEMPLATE",
                                        "key": "parameter",
                                        "value": "form_id"
                                    },
                                    {
                                        "type": "TEMPLATE",
                                        "key": "parameterValue",
                                        "value": "enviado"
                                    }
                                ]
                            },
                            {
                                "type": "MAP",
                                "map": [
                                    {
                                        "type": "TEMPLATE",
                                        "key": "parameter",
                                        "value": "form_name"
                                    },
                                    {
                                        "type": "TEMPLATE",
                                        "key": "parameterValue",
                                        "value": "contato"
                                    }
                                ]
                            }
                        ]
                    },
                    {
                        "type": "TEMPLATE",
                        "key": "eventName",
                        "value": "view_form_success"
                    },
                    {
                        "type": "TEMPLATE",
                        "key": "measurementIdOverride",
                        "value": "G-096NHNN8Q2"
                    }
                ],
                "fingerprint": "1749745467404",
                "firingTriggerId": [
                    "28"
                ],
                "tagFiringOption": "ONCE_PER_EVENT",
                "monitoringMetadata": {
                    "type": "MAP"
                },
                "consentSettings": {
                    "consentStatus": "NOT_SET"
                }
            },
            {
                "accountId": "6299326731",
                "containerId": "222370224",
                "tagId": "30",
                "name": "Form Start Telefone",
                "type": "gaawe",
                "parameter": [
                    {
                        "type": "BOOLEAN",
                        "key": "sendEcommerceData",
                        "value": "false"
                    },
                    {
                        "type": "LIST",
                        "key": "eventSettingsTable",
                        "list": [
                            {
                                "type": "MAP",
                                "map": [
                                    {
                                        "type": "TEMPLATE",
                                        "key": "parameter",
                                        "value": "page_location"
                                    },
                                    {
                                        "type": "TEMPLATE",
                                        "key": "parameterValue",
                                        "value": "/sobre#contato"
                                    }
                                ]
                            },
                            {
                                "type": "MAP",
                                "map": [
                                    {
                                        "type": "TEMPLATE",
                                        "key": "parameter",
                                        "value": "form_id"
                                    },
                                    {
                                        "type": "TEMPLATE",
                                        "key": "parameterValue",
                                        "value": "telefone"
                                    }
                                ]
                            },
                            {
                                "type": "MAP",
                                "map": [
                                    {
                                        "type": "TEMPLATE",
                                        "key": "parameter",
                                        "value": "form_name"
                                    },
                                    {
                                        "type": "TEMPLATE",
                                        "key": "parameterValue",
                                        "value": "contato"
                                    }
                                ]
                            },
                            {
                                "type": "MAP",
                                "map": [
                                    {
                                        "type": "TEMPLATE",
                                        "key": "parameter",
                                        "value": "form_destination"
                                    },
                                    {
                                        "type": "TEMPLATE",
                                        "key": "parameterValue",
                                        "value": "obrigado"
                                    }
                                ]
                            }
                        ]
                    },
                    {
                        "type": "TEMPLATE",
                        "key": "eventName",
                        "value": "form_start"
                    },
                    {
                        "type": "TEMPLATE",
                        "key": "measurementIdOverride",
                        "value": "G-096NHNN8Q2"
                    }
                ],
                "fingerprint": "1749746264386",
                "firingTriggerId": [
                    "20"
                ],
                "tagFiringOption": "ONCE_PER_EVENT",
                "monitoringMetadata": {
                    "type": "MAP"
                },
                "consentSettings": {
                    "consentStatus": "NOT_SET"
                }
            }
        ],
        "trigger": [
            {
                "accountId": "6299326731",
                "containerId": "222370224",
                "triggerId": "5",
                "name": "click contato",
                "type": "LINK_CLICK",
                "filter": [
                    {
                        "type": "CONTAINS",
                        "parameter": [
                            {
                                "type": "TEMPLATE",
                                "key": "arg0",
                                "value": "{{Click URL}}"
                            },
                            {
                                "type": "TEMPLATE",
                                "key": "arg1",
                                "value": "/contato"
                            }
                        ]
                    }
                ],
                "waitForTags": {
                    "type": "BOOLEAN",
                    "value": "false"
                },
                "checkValidation": {
                    "type": "BOOLEAN",
                    "value": "false"
                },
                "waitForTagsTimeout": {
                    "type": "TEMPLATE",
                    "value": "2000"
                },
                "uniqueTriggerId": {
                    "type": "TEMPLATE"
                },
                "fingerprint": "1749740846272"
            },
            {
                "accountId": "6299326731",
                "containerId": "222370224",
                "triggerId": "7",
                "name": "click download",
                "type": "LINK_CLICK",
                "filter": [
                    {
                        "type": "CONTAINS",
                        "parameter": [
                            {
                                "type": "TEMPLATE",
                                "key": "arg0",
                                "value": "{{Click URL}}"
                            },
                            {
                                "type": "TEMPLATE",
                                "key": "arg1",
                                "value": "autos_revista_vfinal.pdf"
                            }
                        ]
                    }
                ],
                "waitForTags": {
                    "type": "BOOLEAN",
                    "value": "false"
                },
                "checkValidation": {
                    "type": "BOOLEAN",
                    "value": "false"
                },
                "waitForTagsTimeout": {
                    "type": "TEMPLATE",
                    "value": "2000"
                },
                "uniqueTriggerId": {
                    "type": "TEMPLATE"
                },
                "fingerprint": "1749741359963"
            },
            {
                "accountId": "6299326731",
                "containerId": "222370224",
                "triggerId": "12",
                "name": "event lorem",
                "type": "CUSTOM_EVENT",
                "customEventFilter": [
                    {
                        "type": "EQUALS",
                        "parameter": [
                            {
                                "type": "TEMPLATE",
                                "key": "arg0",
                                "value": "{{_event}}"
                            },
                            {
                                "type": "TEMPLATE",
                                "key": "arg1",
                                "value": "lorem"
                            }
                        ]
                    }
                ],
                "fingerprint": "1749743174248"
            },
            {
                "accountId": "6299326731",
                "containerId": "222370224",
                "triggerId": "13",
                "name": "event ipsum",
                "type": "CUSTOM_EVENT",
                "customEventFilter": [
                    {
                        "type": "EQUALS",
                        "parameter": [
                            {
                                "type": "TEMPLATE",
                                "key": "arg0",
                                "value": "{{_event}}"
                            },
                            {
                                "type": "TEMPLATE",
                                "key": "arg1",
                                "value": "ipsum"
                            }
                        ]
                    }
                ],
                "fingerprint": "1749743239537"
            },
            {
                "accountId": "6299326731",
                "containerId": "222370224",
                "triggerId": "15",
                "name": "event dolor",
                "type": "CUSTOM_EVENT",
                "customEventFilter": [
                    {
                        "type": "EQUALS",
                        "parameter": [
                            {
                                "type": "TEMPLATE",
                                "key": "arg0",
                                "value": "{{_event}}"
                            },
                            {
                                "type": "TEMPLATE",
                                "key": "arg1",
                                "value": "dolor"
                            }
                        ]
                    }
                ],
                "fingerprint": "1749743324931"
            },
            {
                "accountId": "6299326731",
                "containerId": "222370224",
                "triggerId": "17",
                "name": "Campo nome form contato",
                "type": "CLICK",
                "filter": [
                    {
                        "type": "CONTAINS",
                        "parameter": [
                            {
                                "type": "TEMPLATE",
                                "key": "arg0",
                                "value": "{{Click ID}}"
                            },
                            {
                                "type": "TEMPLATE",
                                "key": "arg1",
                                "value": "nome"
                            }
                        ]
                    }
                ],
                "fingerprint": "1749744005947"
            },
            {
                "accountId": "6299326731",
                "containerId": "222370224",
                "triggerId": "19",
                "name": "Campo aceito form contato",
                "type": "CLICK",
                "filter": [
                    {
                        "type": "CONTAINS",
                        "parameter": [
                            {
                                "type": "TEMPLATE",
                                "key": "arg0",
                                "value": "{{Click ID}}"
                            },
                            {
                                "type": "TEMPLATE",
                                "key": "arg1",
                                "value": "aceito"
                            }
                        ]
                    }
                ],
                "fingerprint": "1749744189155"
            },
            {
                "accountId": "6299326731",
                "containerId": "222370224",
                "triggerId": "20",
                "name": "Campo telefone form contato",
                "type": "CLICK",
                "filter": [
                    {
                        "type": "CONTAINS",
                        "parameter": [
                            {
                                "type": "TEMPLATE",
                                "key": "arg0",
                                "value": "{{Click ID}}"
                            },
                            {
                                "type": "TEMPLATE",
                                "key": "arg1",
                                "value": "telefone"
                            }
                        ]
                    }
                ],
                "fingerprint": "1749744146034"
            },
            {
                "accountId": "6299326731",
                "containerId": "222370224",
                "triggerId": "21",
                "name": "Campo email form contato",
                "type": "CLICK",
                "filter": [
                    {
                        "type": "CONTAINS",
                        "parameter": [
                            {
                                "type": "TEMPLATE",
                                "key": "arg0",
                                "value": "{{Click ID}}"
                            },
                            {
                                "type": "TEMPLATE",
                                "key": "arg1",
                                "value": "email"
                            }
                        ]
                    }
                ],
                "fingerprint": "1749744258999"
            },
            {
                "accountId": "6299326731",
                "containerId": "222370224",
                "triggerId": "24",
                "name": "BOTÃO ENVIAR",
                "type": "CLICK",
                "filter": [
                    {
                        "type": "CONTAINS",
                        "parameter": [
                            {
                                "type": "TEMPLATE",
                                "key": "arg0",
                                "value": "{{Form Text}}"
                            },
                            {
                                "type": "TEMPLATE",
                                "key": "arg1",
                                "value": "ENVIAR"
                            }
                        ]
                    },
                    {
                        "type": "CONTAINS",
                        "parameter": [
                            {
                                "type": "TEMPLATE",
                                "key": "arg0",
                                "value": "{{email}}"
                            },
                            {
                                "type": "TEMPLATE",
                                "key": "arg1",
                                "value": "@"
                            }
                        ]
                    }
                ],
                "fingerprint": "1749745095874"
            },
            {
                "accountId": "6299326731",
                "containerId": "222370224",
                "triggerId": "28",
                "name": "event view_form_success",
                "type": "CUSTOM_EVENT",
                "customEventFilter": [
                    {
                        "type": "EQUALS",
                        "parameter": [
                            {
                                "type": "TEMPLATE",
                                "key": "arg0",
                                "value": "{{_event}}"
                            },
                            {
                                "type": "TEMPLATE",
                                "key": "arg1",
                                "value": "view_form_success"
                            }
                        ]
                    }
                ],
                "fingerprint": "1749745462821"
            }
        ],
        "variable": [
            {
                "accountId": "6299326731",
                "containerId": "222370224",
                "variableId": "26",
                "name": "email",
                "type": "d",
                "parameter": [
                    {
                        "type": "TEMPLATE",
                        "key": "elementSelector",
                        "value": "#email"
                    },
                    {
                        "type": "TEMPLATE",
                        "key": "attributeName",
                        "value": "value"
                    },
                    {
                        "type": "TEMPLATE",
                        "key": "selectorType",
                        "value": "CSS"
                    }
                ],
                "fingerprint": "1749745077354",
                "formatValue": {}
            }
        ],
        "builtInVariable": [
            {
                "accountId": "6299326731",
                "containerId": "222370224",
                "type": "PAGE_URL",
                "name": "Page URL"
            },
            {
                "accountId": "6299326731",
                "containerId": "222370224",
                "type": "PAGE_HOSTNAME",
                "name": "Page Hostname"
            },
            {
                "accountId": "6299326731",
                "containerId": "222370224",
                "type": "PAGE_PATH",
                "name": "Page Path"
            },
            {
                "accountId": "6299326731",
                "containerId": "222370224",
                "type": "REFERRER",
                "name": "Referrer"
            },
            {
                "accountId": "6299326731",
                "containerId": "222370224",
                "type": "EVENT",
                "name": "Event"
            },
            {
                "accountId": "6299326731",
                "containerId": "222370224",
                "type": "CLICK_ELEMENT",
                "name": "Click Element"
            },
            {
                "accountId": "6299326731",
                "containerId": "222370224",
                "type": "CLICK_CLASSES",
                "name": "Click Classes"
            },
            {
                "accountId": "6299326731",
                "containerId": "222370224",
                "type": "CLICK_ID",
                "name": "Click ID"
            },
            {
                "accountId": "6299326731",
                "containerId": "222370224",
                "type": "CLICK_TARGET",
                "name": "Click Target"
            },
            {
                "accountId": "6299326731",
                "containerId": "222370224",
                "type": "CLICK_URL",
                "name": "Click URL"
            },
            {
                "accountId": "6299326731",
                "containerId": "222370224",
                "type": "CLICK_TEXT",
                "name": "Click Text"
            },
            {
                "accountId": "6299326731",
                "containerId": "222370224",
                "type": "FORM_ELEMENT",
                "name": "Form Element"
            },
            {
                "accountId": "6299326731",
                "containerId": "222370224",
                "type": "FORM_CLASSES",
                "name": "Form Classes"
            },
            {
                "accountId": "6299326731",
                "containerId": "222370224",
                "type": "FORM_ID",
                "name": "Form ID"
            },
            {
                "accountId": "6299326731",
                "containerId": "222370224",
                "type": "FORM_TARGET",
                "name": "Form Target"
            },
            {
                "accountId": "6299326731",
                "containerId": "222370224",
                "type": "FORM_URL",
                "name": "Form URL"
            },
            {
                "accountId": "6299326731",
                "containerId": "222370224",
                "type": "FORM_TEXT",
                "name": "Form Text"
            }
        ],
        "fingerprint": "1749748251842",
        "tagManagerUrl": "https://tagmanager.google.com/#/versions/accounts/6299326731/containers/222370224/versions/0?apiLink=version"
    }
}